{
    "type": "minecraft:crafting_shaped",
    "pattern": [
        "#Qc",
        "gCi",
        "EDn"
    ],
    "key": {
        "#": {
            "item": "minecraft:redstone"
        },
        "Q": {
            "item": "minecraft:quartz"
        },
        "c": {
            "item": "minecraft:copper_ingot"
        },
        "g": {
            "item": "minecraft:gold_ingot"
        },
        "C": {
            "item": "minecraft:crossbow"
        },
        "i": {
            "item": "minecraft:iron_ingot"
        },
        "E": {
            "item": "minecraft:emerald"
        },
        "D": {
            "item": "minecraft:diamond"
        },
        "n": {
            "item": "minecraft:netherite_ingot"
        }
    },
    "result": {
        "item": "minecraft:enchanted_book",
        "count": 1
    },
    "group": "enchanting_book"
}