{
    "type": "minecraft:crafting_shapeless",
    "ingredients": [
        {
            "item": "minecraft:cooked_porkchop"
        },
        {
            "item": "minecraft:golden_apple"
        },
        {
            "item": "minecraft:cooked_beef"
        },
        {
            "item": "minecraft:baked_potato"
        },
        {
            "item": "minecraft:cake"
        },
        {
            "item": "minecraft:cookie"
        },
        {
            "item": "minecraft:cooked_chicken"
        },
        {
            "item": "minecraft:golden_carrot"
        },
        {
            "item": "minecraft:cooked_mutton"
        }
    ],
    "result": {
        "item": "minecraft:knowledge_book",
        "count": 1
    },
    "group": "sweet_berries"
}