{
    "type": "minecraft:crafting_shaped",
    "pattern": [
        "#LU",
        "GQI",
        "EDn"
    ],
    "key": {
        "#": {
            "item": "minecraft:redstone_torch"
        },
        "L": {
            "item": "minecraft:leather_leggings"
        },
        "U": {
            "item": "minecraft:lightning_rod"
        },
        "G": {
            "item": "minecraft:golden_leggings"
        },
        "Q": {
            "item": "minecraft:quartz"
        },
        "I": {
            "item": "minecraft:iron_leggings"
        },
        "E": {
            "item": "minecraft:emerald"
        },
        "D": {
            "item": "minecraft:diamond_leggings"
        },
        "n": {
            "item": "minecraft:netherite_ingot"
        }
    },
    "result": {
        "item": "minecraft:enchanted_book",
        "count": 1
    },
    "group": "enchanting_book"
}