{
    "type": "minecraft:crafting_shaped",
    "pattern": [
        "#WL",
        "GSI",
        "EDn"
    ],
    "key": {
        "#": {
            "item": "minecraft:torch"
        },
        "W": {
            "item": "minecraft:wooden_sword"
        },
        "L": {
            "item": "minecraft:lightning_rod"
        },
        "G": {
            "item": "minecraft:golden_sword"
        },
        "S": {
            "item": "minecraft:stone_sword"
        },
        "I": {
            "item": "minecraft:iron_sword"
        },
        "E": {
            "item": "minecraft:emerald"
        },
        "D": {
            "item": "minecraft:diamond_sword"
        },
        "n": {
            "item": "minecraft:netherite_ingot"
        }
    },
    "result": {
        "item": "minecraft:enchanted_book",
        "count": 1
    },
    "group": "enchanting_book"
}