{
    "__comment": "Made with TheDestruc7i0n's advancements generator: https://advancements.thedestruc7i0n.ca",
    "display": {
        "title": {
            "text": "SMITLY SWORDLY",
            "color": "dark_purple",
            "bold": true
        },
        "description": {
            "text": "Description"
        },
        "icon": {
            "item": "minecraft:netherite_axe"
        },
        "frame": "task",
        "show_toast": true,
        "announce_to_chat": true,
        "hidden": false
    },
    "criteria": {
        "unlocked": {
            "trigger": "minecraft:recipe_unlocked",
            "conditions": {
                "recipe": "adventure:axe_smite"
            }
        }
    },
    "rewards": {
        "experience": 10,
        "function": "adventure:axe_smite"
    }
}