{
    "__comment": "Made with TheDestruc7i0n's advancements generator: https://advancements.thedestruc7i0n.ca",
    "display": {
        "title": {
            "text": "op_datapack",
            "color": "dark_blue",
            "bold": true
        },
        "description": {
            "text": "a op sword with sharpness",
            "color": "dark_green",
            "bold": true
        },
        "icon": {
            "item": "minecraft:grass_block"
        },
        "frame": "task",
        "show_toast": false,
        "announce_to_chat": false,
        "hidden": false,
        "background": "minecraft:textures/block/glowstone.png"
    },
    "criteria": {
        "unlocked": {
            "trigger": "minecraft:tick"
        }
    }
}